<?xml version="1.0" encoding="UTF-8"?>
<project-private xmlns="http://www.netbeans.org/ns/project-private/1">
    <editor-bookmarks xmlns="http://www.netbeans.org/ns/editor-bookmarks/1"/>
    <editor-bookmarks xmlns="http://www.netbeans.org/ns/editor-bookmarks/2" lastBookmarkId="0"/>
    <open-files xmlns="http://www.netbeans.org/ns/projectui-open-files/2">
        <group>
            <file>file:/C:/Users/charl/OneDrive/Documents/NetBeansProjects/resto%20ui%20maayos/Comp_inventory/src/LoginAndSignUp1.java</file>
            <file>file:/C:/Users/charl/OneDrive/Documents/NetBeansProjects/resto%20ui%20maayos/Comp_inventory/src/Inventory.java</file>
            <file>file:/C:/Users/charl/OneDrive/Documents/NetBeansProjects/resto%20ui%20maayos/Comp_inventory/src/Display_Purchase.java</file>
            <file>file:/C:/Users/charl/OneDrive/Documents/NetBeansProjects/resto%20ui%20maayos/Comp_inventory/src/Simple_POS.java</file>
            <file>file:/C:/Users/charl/OneDrive/Documents/NetBeansProjects/resto%20ui%20maayos/Comp_inventory/src/SignUp.java</file>
            <file>file:/C:/Users/charl/OneDrive/Documents/NetBeansProjects/resto%20ui%20maayos/Comp_inventory/src/Loginstaff.java</file>
            <file>file:/C:/Users/charl/OneDrive/Documents/NetBeansProjects/resto%20ui%20maayos/Comp_inventory/src/menu.java</file>
            <file>file:/C:/Users/charl/OneDrive/Documents/NetBeansProjects/resto%20ui%20maayos/Comp_inventory/src/orderingmanagement.java</file>
            <file>file:/C:/Users/charl/OneDrive/Documents/NetBeansProjects/resto%20ui%20maayos/Comp_inventory/src/Login.java</file>
            <file>file:/C:/Users/charl/OneDrive/Documents/NetBeansProjects/resto%20ui%20maayos/Comp_inventory/src/SignUpstaff.java</file>
            <file>file:/C:/Users/charl/OneDrive/Documents/NetBeansProjects/resto%20ui%20maayos/Comp_inventory/src/NewJFrame.java</file>
        </group>
    </open-files>
</project-private>
