<?xml version="1.0" encoding="UTF-8"?>
<project-private xmlns="http://www.netbeans.org/ns/project-private/1">
    <editor-bookmarks xmlns="http://www.netbeans.org/ns/editor-bookmarks/1"/>
    <editor-bookmarks xmlns="http://www.netbeans.org/ns/editor-bookmarks/2" lastBookmarkId="0"/>
    <open-files xmlns="http://www.netbeans.org/ns/projectui-open-files/2">
        <group>
            <file>file:/C:/Users/hp/Documents/NetBeansProjects/Comp_inventory/src/SignUp.java</file>
            <file>file:/C:/Users/hp/Documents/NetBeansProjects/Comp_inventory/src/Display_Purchase.java</file>
            <file>file:/C:/Users/hp/Documents/NetBeansProjects/Comp_inventory/src/salesreport.java</file>
            <file>file:/C:/Users/hp/Documents/NetBeansProjects/Comp_inventory/src/Login111.java</file>
            <file>file:/C:/Users/hp/Documents/NetBeansProjects/Comp_inventory/src/Login.java</file>
            <file>file:/C:/Users/hp/Documents/NetBeansProjects/Comp_inventory/src/NewJFrame.java</file>
            <file>file:/C:/Users/hp/Documents/NetBeansProjects/Comp_inventory/src/employeacounts.java</file>
        </group>
    </open-files>
</project-private>
